<?xml version="1.0" encoding="UTF-8" standalone="yes"?>
<content-properties xmlns="http://spotfire.tibco.com/ws/2008/12/library">
    <content-property>
        <itemId>db32405c-0202-4a86-80bd-5d29a1632ba5</itemId>
        <dataId>556c21c9-b877-4b80-8db7-f137aceb448c</dataId>
        <content-encoding>none</content-encoding>
        <digest>SHA-512=gFnuX2t5xN3JlanA1Gsedfj8igvFbaqJQj/z5TlI6DHt91JTLf6i2JwKHfG99Nd4ajVzAS0rUikUrSKanFE3mg==</digest>
        <content-digest>SHA-512=gFnuX2t5xN3JlanA1Gsedfj8igvFbaqJQj/z5TlI6DHt91JTLf6i2JwKHfG99Nd4ajVzAS0rUikUrSKanFE3mg==</content-digest>
        <content-size>1197</content-size>
        <compressed-content-size>-1</compressed-content-size>
    </content-property>
    <content-property>
        <itemId>b5d33f87-19e0-4ee0-b3ab-905109de88ab</itemId>
        <dataId>f7a358dc-7eaf-4163-86fa-7201f98e6c7b</dataId>
        <content-encoding>none</content-encoding>
        <digest>SHA-512=RHoRjpJ4B6qxs+PwqGFvmG3uWTns0zNpq1tfcVXzsCw/I95rhn76NbcimNqr8h3hXmFpdg8j8Hz5twWCpXP9EQ==</digest>
        <content-digest>SHA-512=RHoRjpJ4B6qxs+PwqGFvmG3uWTns0zNpq1tfcVXzsCw/I95rhn76NbcimNqr8h3hXmFpdg8j8Hz5twWCpXP9EQ==</content-digest>
        <content-size>1179</content-size>
        <compressed-content-size>-1</compressed-content-size>
    </content-property>
    <content-property>
        <itemId>f5c9559f-32de-46f9-91f1-d848608cc7ff</itemId>
        <dataId>024510a7-bfd8-4ecc-94a4-69ebc5f18323</dataId>
        <content-encoding>gzip</content-encoding>
        <digest>SHA-512=OMJbSX5R+2EPkt0M4zpGhb3eGoHrDuMrbwz0gRNo2FIDPmSx6flEu2Vu1CmgwdAiVhHBMZMdPWlkqJd1FP5M5Q==</digest>
        <content-digest>SHA-256=C73L+Zcwq5BV8d8frabU8JAaJeumEo2BTcyQYD80h/c=,SHA-512=DcfCbZz7GqGPUIAQ/11oVhUYNaNWnrHLYirV5FmJaSvMbV9s2mnnQM7873LzQGXJeCVwB+/I6FBSFNAYMXPgVg==</content-digest>
        <content-size>1449</content-size>
        <compressed-content-size>1472</compressed-content-size>
    </content-property>
</content-properties>
