<?xml version="1.0" encoding="UTF-8" standalone="yes"?>
<library-item xmlns="http://spotfire.tibco.com/ws/2008/12/library">
    <title>library</title>
    <item-type>
        <label>folder</label>
        <label-prefix>spotfire</label-prefix>
        <is-container>true</is-container>
    </item-type>
    <format-version>68.4.13502.4901</format-version>
    <created>2023-06-28T09:58:26.499Z</created>
    <modified>2023-06-28T09:58:26.499Z</modified>
    <children>
        <library-item>
            <id>a2797512-bc6b-4b87-b941-4788a56b9b39</id>
            <title>Connections</title>
            <item-type>
                <label>folder</label>
                <label-prefix>spotfire</label-prefix>
                <is-container>true</is-container>
            </item-type>
            <created-by>admin@SPOTFIRE</created-by>
            <created>2023-04-17T10:27:29.000Z</created>
            <modified-by>admin@SPOTFIRE</modified-by>
            <modified>2023-06-28T09:31:00.000Z</modified>
            <accessed>2023-06-28T09:58:26.000Z</accessed>
            <properties/>
            <keywords/>
            <children>
                <library-item>
                    <id>b5d33f87-19e0-4ee0-b3ab-905109de88ab</id>
                    <title>TEST_TDV</title>
                    <item-type>
                        <label>datasource</label>
                        <label-prefix>spotfire</label-prefix>
                        <is-container>false</is-container>
                        <mime-type>application/xml</mime-type>
                    </item-type>
                    <created-by>admin@SPOTFIRE</created-by>
                    <created>2023-06-20T17:26:10.000Z</created>
                    <modified-by>admin@SPOTFIRE</modified-by>
                    <modified>2023-06-21T14:06:30.000Z</modified>
                    <accessed>2023-06-28T09:30:04.000Z</accessed>
                    <properties/>
                    <keywords/>
                    <hidden>false</hidden>
                </library-item>
                <library-item>
                    <id>db32405c-0202-4a86-80bd-5d29a1632ba5</id>
                    <title>TEST_tdv_UAT</title>
                    <item-type>
                        <label>datasource</label>
                        <label-prefix>spotfire</label-prefix>
                        <is-container>false</is-container>
                        <mime-type>application/xml</mime-type>
                    </item-type>
                    <created-by>admin@SPOTFIRE</created-by>
                    <created>2023-06-28T09:31:00.000Z</created>
                    <modified-by>admin@SPOTFIRE</modified-by>
                    <modified>2023-06-28T09:31:00.000Z</modified>
                    <accessed>2023-06-28T09:31:45.000Z</accessed>
                    <properties/>
                    <keywords/>
                    <hidden>false</hidden>
                </library-item>
                <library-item>
                    <id>f5c9559f-32de-46f9-91f1-d848608cc7ff</id>
                    <title>Connection-Baskets</title>
                    <item-type>
                        <label>dataconnection</label>
                        <label-prefix>spotfire</label-prefix>
                        <is-container>false</is-container>
                        <mime-type>application/xml</mime-type>
                    </item-type>
                    <created-by>admin@SPOTFIRE</created-by>
                    <created>2023-04-17T10:32:47.000Z</created>
                    <modified-by>admin@SPOTFIRE</modified-by>
                    <modified>2023-04-17T10:32:47.000Z</modified>
                    <accessed>2023-05-04T12:40:21.000Z</accessed>
                    <properties>
                        <property>
                            <name>Spotfire.ConnectionSourceDatabase</name>
                            <value>Orders</value>
                        </property>
                        <property>
                            <name>Spotfire.ConnectionViews</name>
                            <value>Basket</value>
                        </property>
                        <property>
                            <name>Spotfire.ConnectionSourceServer</name>
                            <value>10.162.20.137</value>
                        </property>
                        <property>
                            <name>Spotfire.Connector</name>
                            <value>Spotfire.SqlServerAdapter</value>
                        </property>
                    </properties>
                    <keywords/>
                    <hidden>false</hidden>
                </library-item>
            </children>
            <hidden>false</hidden>
        </library-item>
    </children>
    <hidden>false</hidden>
</library-item>
